Row,Primary Type,Arrest,District,Year,Latitude,Longitude,min_distance2police,Values,date_column
1543,THEFT,False,2.0,2011,41.80171934,-87.63070362100001,0.01743230253061109,1,2011-03-24 16:15:00
12528,BATTERY,False,18.0,2011,41.902675191,-87.641576755,0.011516918138614671,1,2011-01-01 00:15:00
12531,THEFT,False,22.0,2011,41.677507979,-87.663130735,0.024111268841615217,1,2011-01-02 19:00:00
12532,ROBBERY,True,1.0,2011,41.877661886,-87.62766551600001,0.01558265176613296,1,2011-01-03 13:50:00
12557,BATTERY,False,10.0,2011,41.85146419,-87.730575733,0.03948833364031789,1,2011-01-05 13:30:00
12585,THEFT,False,10.0,2011,41.84921736,-87.69170237,0.005292366005655713,1,2011-01-08 23:00:00
12635,BATTERY,True,8.0,2011,41.792323043,-87.78094378700001,0.015911707182626987,1,2011-01-07 15:35:00
12638,ASSAULT,False,7.0,2011,41.789870979,-87.658408367,0.029376892810578023,1,2011-01-12 20:00:00
12652,THEFT,False,25.0,2011,41.931765745999996,-87.76380724,0.026471609579677022,1,2011-01-15 19:00:00
12691,BATTERY,True,22.0,2011,41.691506552,-87.70484926299999,0.04484139055662088,1,2011-01-23 10:35:00
12701,NARCOTICS,True,7.0,2011,41.76230003,-87.65577608,0.025377177227268403,1,2011-01-12 17:04:05
12709,THEFT,False,6.0,2011,41.740680499999996,-87.65347148299999,0.026839453646766244,1,2011-01-25 21:00:00
12743,BATTERY,False,19.0,2011,41.965911528,-87.65886264,0.015553817773374622,1,2011-01-31 17:30:00
12745,THEFT,False,17.0,2011,41.969738422,-87.742810374,0.00835556491113353,1,2011-01-04 14:00:00
12804,BATTERY,True,3.0,2011,41.761086784,-87.56133429,0.004901565745713544,1,2011-02-13 02:10:00
12809,THEFT,False,8.0,2011,41.78281214,-87.77656691,0.03481598796884749,1,2011-02-12 16:00:00
12811,NARCOTICS,True,9.0,2011,41.79945985,-87.66882243,0.021470341373398413,1,2011-02-14 20:37:00
12816,THEFT,True,11.0,2011,41.901408604000004,-87.722605332,0.0321119886395011,1,2011-02-17 09:30:00
12826,ASSAULT,False,25.0,2011,41.936851026,-87.77615896,0.0139946405749819,1,2011-02-22 15:20:00
12842,BATTERY,False,9.0,2011,41.82033326,-87.701980603,0.02196968282433188,1,2011-02-20 19:45:00
12847,ASSAULT,False,22.0,2011,41.711168457,-87.66570018600001,0.02196968282433188,1,2011-02-17 05:30:00
12854,BATTERY,False,4.0,2011,41.726122376,-87.575047128,0.02136112134713323,1,2011-03-03 19:15:00
12860,THEFT,False,3.0,2011,41.763442831,-87.56646696,0.010907233518969078,1,2011-03-02 17:30:00
12866,ASSAULT,False,24.0,2011,42.004694436,-87.672883168,0.004115668687425121,1,2011-03-04 20:00:00
12871,BATTERY,False,8.0,2011,41.784449254,-87.80120721,0.025863846604241084,1,2011-03-08 16:10:00
12879,BATTERY,False,8.0,2011,41.77695934,-87.68222741700001,0.019495699159678314,1,2011-03-10 14:45:00
12883,ASSAULT,True,20.0,2011,41.969936675,-87.659695364,0.028567635332182154,1,2011-03-11 21:56:00
12902,THEFT,False,14.0,2011,41.91293292,-87.697064224,0.022238084409552637,1,2011-03-11 21:00:00
12908,BATTERY,False,11.0,2011,41.879613741,-87.709318061,0.018264501670538502,1,2011-03-17 19:45:00
12909,THEFT,False,20.0,2011,41.989575829,-87.68963999299999,0.011001990246344672,1,2011-02-23 15:00:00
12918,BATTERY,False,11.0,2011,41.87805699,-87.743978321,0.02308248612868133,1,2011-03-21 18:50:00
12926,THEFT,False,16.0,2011,41.955596826,-87.76830462,0.026889873018780267,1,2011-03-19 00:05:00
12953,ASSAULT,False,6.0,2011,41.748943754,-87.63518954700001,0.01924669736872963,1,2011-01-20 09:16:00
12965,ASSAULT,False,12.0,2011,41.890992303000004,-87.70395534,0.021804482844176364,1,2011-03-31 17:40:00
12968,NARCOTICS,True,10.0,2011,41.858941527,-87.71800983,0.0034495431817385368,1,2011-04-01 10:27:00
12970,ASSAULT,False,7.0,2011,41.776992168,-87.661711016,0.040024338412590975,1,2011-04-01 15:00:00
12972,THEFT,False,2.0,2011,41.82467357,-87.626413225,0.027243235801568576,1,2011-04-02 20:00:00
12976,ASSAULT,False,24.0,2011,42.019517794,-87.68819727,0.020856948432490738,1,2011-04-04 12:15:00
12979,BATTERY,False,10.0,2011,41.844280497,-87.72241492,0.017868224771469078,1,2011-04-04 22:50:00
12989,THEFT,False,8.0,2011,41.780595495,-87.68367553,0.01879508245992651,1,2011-04-07 15:10:00
12995,THEFT,False,19.0,2011,41.927458441999995,-87.64159938200001,0.015168842834127973,1,2011-04-08 15:30:00
12997,BATTERY,False,14.0,2011,41.931018087,-87.70617128,0.016358662050120615,1,2011-04-10 01:25:00
13002,BATTERY,True,2.0,2011,41.831073057,-87.62017475100001,0.015180208268979263,1,2011-04-12 15:05:00
13009,BATTERY,False,17.0,2011,41.93885221,-87.744933152,0.019998896551523593,1,2011-04-13 13:55:00
13015,ASSAULT,True,5.0,2011,41.707095328,-87.628834415,0.012309992830929725,1,2011-04-15 18:48:00
13016,BATTERY,False,8.0,2011,41.79054357,-87.780130326,0.041432253566301445,1,2011-04-15 14:45:00
13017,THEFT,False,12.0,2011,41.890976027,-87.667492786,0.007556474999885599,1,2011-04-17 00:30:00
13018,ASSAULT,True,5.0,2011,41.684009764,-87.64098427799999,0.030925815830331396,1,2011-04-17 17:30:00
13027,THEFT,False,15.0,2011,41.88314073,-87.76660788,0.018654303618053144,1,2011-04-19 16:00:00
13028,BATTERY,False,7.0,2011,41.779153403,-87.65449147,0.024517821182494563,1,2011-04-20 17:30:00
13036,BATTERY,False,9.0,2011,41.850964569,-87.63284068700001,0.030556797890740065,1,2011-04-24 11:30:00
13055,BATTERY,False,9.0,2011,41.796278388000005,-87.70225342200001,0.017314482926554572,1,2011-05-01 23:15:00
13056,THEFT,False,8.0,2011,41.764189497,-87.715917635,0.008671568634274736,1,2011-05-01 19:00:00
13066,THEFT,False,8.0,2011,41.778802358,-87.71377935,0.012267306175095869,1,2011-05-03 18:00:00
13067,BATTERY,False,11.0,2011,41.8871929,-87.720959585,0.004477089901275634,1,2011-05-05 08:00:00
13073,BATTERY,False,5.0,2011,41.70427851,-87.61975395,0.015548432686981885,1,2011-05-01 17:47:00
13074,BATTERY,False,9.0,2011,41.841568676,-87.658118585,0.013031918501281738,1,2011-05-07 16:00:00
13075,BATTERY,True,4.0,2011,41.720613536,-87.57739393799999,0.005077152641675215,1,2011-05-07 19:20:00
13090,ASSAULT,False,12.0,2011,41.895197128,-87.648900523,0.04403038113739853,1,2011-05-11 17:30:00
13092,BATTERY,False,4.0,2011,41.74556186,-87.546705124,0.021870826265259095,1,2011-05-13 11:00:00
13094,THEFT,False,3.0,2011,41.791710871,-87.585063,0.014103600354480335,1,2011-05-11 23:45:00
13112,BATTERY,True,4.0,2011,41.705523241,-87.53528780200001,0.022966452474761336,1,2011-05-17 21:03:00
13121,THEFT,False,7.0,2011,41.76591285,-87.66020273299999,0.012694247379079638,1,2011-05-20 10:35:00
13124,ASSAULT,False,7.0,2011,41.782322899,-87.66428794,0.02760442534922732,1,2011-05-21 16:15:00
13125,THEFT,False,19.0,2011,41.927866871,-87.648849079,0.012650561568825635,1,2011-05-21 11:00:00
13133,BATTERY,False,7.0,2011,41.779820203,-87.640233291,0.009405074899588521,1,2011-05-24 11:55:00
13135,THEFT,False,12.0,2011,41.898898534000004,-87.661349765,0.021986743231616274,1,2011-05-23 11:05:00
13144,THEFT,False,12.0,2011,41.868800024,-87.67707046,0.030081370080195402,1,2011-05-26 14:00:00
13149,THEFT,False,14.0,2011,41.91058445,-87.67096288,0.00913389519401919,1,2011-05-27 11:00:00
13151,BATTERY,False,7.0,2011,41.773036208,-87.67617424,0.0369965902274574,1,2011-06-02 10:45:00
13160,THEFT,False,19.0,2011,41.96245015,-87.64255203,0.009748747395093365,1,2011-06-07 19:30:00
13162,THEFT,False,10.0,2011,41.83029433,-87.727336291,0.015227553546637627,1,2011-06-08 01:33:00
13163,BATTERY,False,9.0,2011,41.799438937,-87.672332426,0.030987458741979192,1,2011-06-09 22:50:00
13168,THEFT,False,1.0,2011,41.88477741,-87.637058225,0.01686068752337185,1,2011-06-10 13:45:00
13176,ASSAULT,False,9.0,2011,41.835674792,-87.646221482,0.005567748268573615,1,2011-06-13 22:45:00
13180,BURGLARY,False,11.0,2011,41.900059954,-87.72134357,0.031753484132767414,1,2011-06-13 17:30:00
13181,BATTERY,False,22.0,2011,41.709663266999996,-87.65983398899999,0.026500203518266246,1,2011-06-11 09:00:00
13185,BATTERY,False,25.0,2011,41.92436229,-87.73687555,0.051896070251648926,1,2011-06-15 13:15:00
13186,ASSAULT,False,6.0,2011,41.749725521,-87.652507532,0.011222798983146622,1,2011-06-16 14:41:00
13187,THEFT,False,1.0,2011,41.88030381,-87.636978269,0.027802724374021405,1,2011-06-15 18:30:00
13191,ASSAULT,False,10.0,2011,41.85128593,-87.67462881799999,0.008976317453710017,1,2011-06-18 14:00:00
13194,ASSAULT,False,3.0,2011,41.764166018000004,-87.59517725799999,0.018488476750421125,1,2011-06-19 13:05:00
13197,ASSAULT,False,10.0,2011,41.849042121,-87.675760273,0.010263800906998547,1,2011-06-19 20:30:00
13204,ASSAULT,False,2.0,2011,41.820325727,-87.61082885,0.02773212390301636,1,2011-06-10 11:00:00
13205,BATTERY,False,18.0,2011,41.908430535,-87.638509526,0.033582172389463316,1,2011-06-19 18:00:00
13208,THEFT,False,8.0,2011,41.743013698,-87.73392158,0.02932836944659069,1,2011-06-23 08:30:00
13209,NARCOTICS,True,7.0,2011,41.768634583,-87.65822778,0.01809361322397728,1,2011-06-23 20:42:00
13218,ASSAULT,False,4.0,2011,41.749652167,-87.58679761799999,0.03132596934000461,1,2011-06-28 19:30:00
13226,THEFT,True,17.0,2011,41.994758989,-87.7144777,0.03372869138223972,1,2011-06-29 12:10:00
13227,ASSAULT,False,4.0,2011,41.744594965,-87.556251559,0.0234152148680435,1,2011-06-29 13:00:00
13236,THEFT,False,16.0,2011,41.997335453000005,-87.762608606,0.05076537198436954,1,2011-07-01 16:55:00
13241,THEFT,False,2.0,2011,41.81664984,-87.615873945,0.03064050386714854,1,2011-07-05 03:30:00
13242,BATTERY,True,11.0,2011,41.88068763,-87.728982876,0.019124417647809762,1,2011-07-06 02:36:00
13261,ASSAULT,False,8.0,2011,41.80779181,-87.703963414,0.017442424585357327,1,2011-07-07 15:00:00
13263,THEFT,False,6.0,2011,41.748536319,-87.60146885,0.03519927740432596,1,2011-07-09 01:50:00
13266,BATTERY,True,12.0,2011,41.868886815,-87.65795968200001,0.01356932331164401,1,2011-07-11 22:36:00
13272,THEFT,False,1.0,2011,41.873101883000004,-87.62915865,0.016696872681332374,1,2011-07-13 11:50:00
13276,BATTERY,False,10.0,2011,41.866303171,-87.71421287,0.037835943504321845,1,2011-07-12 12:00:00
13277,THEFT,False,18.0,2011,41.91705863,-87.65090457,0.0017061801871531826,1,2011-07-14 22:00:00
13279,THEFT,False,2.0,2011,41.828725301999995,-87.62571554,0.031604914573512416,1,2011-07-13 08:30:00
13284,ASSAULT,False,19.0,2011,41.964931277,-87.684475643,0.04076839640205174,1,2011-07-18 14:24:00
13294,BATTERY,True,15.0,2011,41.88028689,-87.761661062,0.009282266729363692,1,2011-07-21 17:10:00
13295,ASSAULT,False,11.0,2011,41.871058927,-87.69663887600001,0.020946927429151576,1,2011-07-22 23:30:00
13303,BATTERY,False,17.0,2011,41.97012549,-87.722383285,0.022251388651151057,1,2011-07-26 15:10:00
13309,ASSAULT,True,7.0,2011,41.766609758,-87.674857891,0.011045877650515373,1,2011-07-28 22:20:00
13312,THEFT,False,10.0,2011,41.863357461999996,-87.73365426,0.13909571639512008,1,2011-07-27 00:01:00
13314,THEFT,False,7.0,2011,41.779675318,-87.64994702,0.03955429401488648,1,2011-07-30 16:00:00
13326,THEFT,False,1.0,2011,41.877633028000005,-87.63371352899999,0.008609833267263592,1,2011-07-30 22:08:00
13327,BATTERY,False,17.0,2011,41.972027151,-87.7126495,0.044189912305619534,1,2011-08-04 04:30:00
13335,ASSAULT,True,2.0,2011,41.78924943,-87.621804576,0.03064567361691632,1,2011-08-06 11:49:00
13336,BATTERY,False,7.0,2011,41.781270625,-87.665967112,0.022184396774053764,1,2011-08-06 18:00:00
13337,THEFT,True,4.0,2011,41.757489719,-87.55614733,0.020370551120100028,1,2011-08-06 22:35:00
13343,THEFT,True,9.0,2011,41.80803458,-87.63260798399999,0.014535766106578562,1,2011-08-08 07:30:00
13344,BATTERY,False,25.0,2011,41.90616447,-87.734084055,0.022392748281672523,1,2011-08-09 15:00:00
13346,BATTERY,False,7.0,2011,41.76948433,-87.65666091700001,0.02508494790797209,1,2011-08-09 21:30:00
13354,ASSAULT,True,12.0,2011,41.879056794,-87.64727716,0.0181825347209195,1,2011-08-12 01:10:00
13356,BATTERY,False,3.0,2011,41.766247876,-87.575623169,0.006302071942208247,1,2011-08-12 20:00:00
13359,THEFT,False,19.0,2011,41.96245015,-87.64255203,0.0803951396474644,1,2011-08-12 09:00:00
13368,ASSAULT,False,8.0,2011,41.764493905,-87.695780161,0.024359183408709302,1,2011-08-15 18:00:00
13369,THEFT,False,1.0,2011,41.879667054,-87.63696315,0.014965520104146951,1,2011-08-15 17:00:00
13374,THEFT,False,19.0,2011,41.936470471,-87.66854502,0.029698088603610607,1,2011-08-18 18:30:00
13382,BATTERY,False,3.0,2011,41.765162688000004,-87.624896894,0.022610793722653604,1,2011-08-23 01:25:00
13383,THEFT,False,22.0,2011,41.69228342,-87.64822565600001,0.01597864504547058,1,2011-08-21 17:15:00
13385,BATTERY,False,12.0,2011,41.89039523,-87.647607586,0.011659569425852072,1,2011-08-21 04:30:00
13389,ASSAULT,False,4.0,2011,41.751317166999996,-87.56380045600001,0.023686350515843644,1,2011-08-27 19:40:00
13393,THEFT,False,4.0,2011,41.707756212,-87.580708771,0.06463366536544184,1,2011-08-18 12:00:00
13400,BATTERY,True,22.0,2011,41.734881215,-87.667909418,0.015080631475248536,1,2011-09-04 02:45:00
13401,ARSON,False,8.0,2011,41.80234067,-87.72673419,0.018782823455776903,1,2011-09-04 01:00:00
13402,ROBBERY,False,6.0,2011,41.75395833,-87.66626111299999,0.009003980103851951,1,2011-09-05 00:56:00
13407,THEFT,False,8.0,2011,41.76838123,-87.678945374,0.017444559938361904,1,2011-09-06 15:00:00
13413,ASSAULT,False,15.0,2011,41.887983008,-87.77361270700001,0.008579959262208222,1,2011-09-09 18:00:00
13419,BATTERY,False,10.0,2011,41.852472938000005,-87.73297779100001,0.07905009803822335,1,2011-09-14 15:40:00
13424,THEFT,False,4.0,2011,41.751610161,-87.57567807,0.01914957534729184,1,2011-09-14 14:30:00
13426,THEFT,False,9.0,2011,41.82431282,-87.710592783,0.00797306851548127,1,2011-09-03 09:15:00
13434,ASSAULT,False,6.0,2011,41.743445021999996,-87.60137277,0.007321228178217942,1,2011-09-21 06:15:00
13436,BATTERY,True,6.0,2011,41.756057234000004,-87.65492915799999,0.019900423924549066,1,2011-09-21 22:15:00
13441,THEFT,False,19.0,2011,41.933270602,-87.63930945,0.01398756889251717,1,2011-07-31 00:01:00
13442,ASSAULT,True,1.0,2011,41.879297705,-87.62770627100001,0.027612108130457842,1,2011-09-23 09:45:00
13444,BATTERY,False,18.0,2011,41.896888585999996,-87.628203192,0.07830750857677536,1,2011-09-23 21:35:00
13458,THEFT,False,19.0,2011,41.933796108,-87.64454821700001,0.018374649012547203,1,2011-09-30 13:00:00
13463,BATTERY,False,11.0,2011,41.88024803,-87.745269129,0.05735412756447501,1,2011-09-25 08:45:00
13464,THEFT,False,7.0,2011,41.766213682,-87.64566187,0.008109661645822514,1,2011-10-03 05:00:00
13467,THEFT,False,20.0,2011,41.98912978,-87.69084363,0.014402638558247853,1,2011-10-04 01:00:00
13471,BATTERY,True,3.0,2011,41.758626266,-87.601335891,0.011823136952341438,1,2011-10-05 01:45:00
13473,THEFT,False,22.0,2011,41.70312164,-87.658107878,0.021521353609872944,1,2011-10-04 21:00:00
13474,BATTERY,True,18.0,2011,41.891694584,-87.626108089,0.007955503153118656,1,2011-10-05 20:07:00
13479,BATTERY,False,19.0,2011,41.943867792,-87.653827678,0.02661888573509919,1,2011-10-06 19:52:00
13483,BATTERY,True,19.0,2011,41.946217055,-87.65572154200001,0.016927401490889886,1,2011-10-09 01:00:00
13488,BATTERY,False,3.0,2011,41.76587359,-87.576294705,0.006227509863315929,1,2011-10-07 13:30:00
13489,BATTERY,False,4.0,2011,41.753567661999995,-87.564645811,0.012613257548510948,1,2011-10-10 22:30:00
13492,BATTERY,False,22.0,2011,41.685042484,-87.645238242,0.027779545363174448,1,2011-10-13 22:00:00
13493,THEFT,False,10.0,2011,41.84552887,-87.705069084,0.0038058578030300953,1,2011-10-02 14:00:00
13496,ASSAULT,False,12.0,2011,41.900208545,-87.69569554899999,0.020728918437886757,1,2011-10-14 16:47:00
13498,THEFT,False,11.0,2011,41.880751096,-87.723855981,0.0034967336104456304,1,2011-10-12 12:00:00
13499,THEFT,False,24.0,2011,41.991951349000004,-87.675913592,0.023246655613957227,1,2011-10-16 19:30:00
13501,BATTERY,False,10.0,2011,41.852162259,-87.67670466700001,0.009965956738607937,1,2011-08-01 14:00:00
13506,BATTERY,False,24.0,2011,42.002478396,-87.66929687,0.025816985467270803,1,2011-10-20 15:00:00
13507,BATTERY,False,12.0,2011,41.892895925,-87.64588766799999,0.03531638290073808,1,2011-10-21 06:30:00
13510,BATTERY,True,15.0,2011,41.897086965999996,-87.74585295799999,0.023671025525094338,1,2011-10-21 11:33:00
13511,THEFT,False,10.0,2011,41.856113593,-87.7065953,0.01739354735729303,1,2011-10-21 10:00:00
13512,BATTERY,False,14.0,2011,41.903300131,-87.67029247,0.005021432502124999,1,2011-10-22 12:30:00
13513,NARCOTICS,True,15.0,2011,41.893498663,-87.76351192,0.028603149837008658,1,2011-10-22 21:03:00
13515,THEFT,False,19.0,2011,41.926535391,-87.658494835,0.01565387733046207,1,2011-10-14 19:00:00
13517,BATTERY,False,9.0,2011,41.852868298000004,-87.63091491,0.010596117014120544,1,2011-10-23 03:02:00
13519,THEFT,False,25.0,2011,41.93369861,-87.72029073899999,0.007655882985198643,1,2011-10-25 18:00:00
13522,ASSAULT,True,9.0,2011,41.801358629,-87.66169868899999,0.004920038031296189,1,2011-10-27 00:50:00
13531,BATTERY,True,5.0,2011,41.698889033,-87.62915834100001,0.014235445531766953,1,2011-11-01 00:12:00
13542,ROBBERY,True,4.0,2011,41.73723014,-87.56331280799999,0.013573831273049338,1,2011-11-04 07:45:00
13548,THEFT,False,3.0,2011,41.769881308,-87.56899299,0.02899116694749269,1,2011-11-08 09:30:00
13552,THEFT,False,15.0,2011,41.89117267,-87.75823284100001,0.021086304744226975,1,2011-11-07 09:00:00
13553,THEFT,False,5.0,2011,41.717620456999995,-87.59827045,0.027097499810597916,1,2011-11-09 03:00:00
13561,ASSAULT,False,22.0,2011,41.730373563,-87.63981256,0.017608485792155213,1,2011-11-15 02:30:00
13566,BATTERY,False,12.0,2011,41.885393253000004,-87.663547848,0.020949760099974617,1,2011-11-05 04:30:00
13568,ASSAULT,False,7.0,2011,41.76287055,-87.64556561399999,0.047720282881836794,1,2011-11-16 20:42:00
13570,THEFT,False,2.0,2011,41.814733927,-87.622428659,0.009232545848110146,1,2011-11-18 08:00:00
13571,THEFT,False,12.0,2011,41.89010736,-87.703218475,0.04389417780666127,1,2011-11-17 19:15:00
13572,BATTERY,False,10.0,2011,41.863582538,-87.73366317,0.025435647352449152,1,2011-11-19 10:25:00
13578,THEFT,False,6.0,2011,41.74317925,-87.600148257,0.0085541638535229,1,2011-11-21 18:20:00
13581,THEFT,True,8.0,2011,41.80169033,-87.703792065,0.008958056017060253,1,2011-11-22 10:40:00
13585,THEFT,False,5.0,2011,41.647924938,-87.61645385799999,0.0061051162718391595,1,2011-11-21 22:00:00
13586,BATTERY,False,19.0,2011,41.947501366,-87.66887154,0.015165327286473324,1,2011-11-24 03:00:00
13588,ARSON,False,4.0,2011,41.649491211,-87.53989848,0.022866553819826066,1,2011-11-26 03:15:00
13595,THEFT,False,7.0,2011,41.786578440999996,-87.677946336,0.021086304744226975,1,2011-08-01 00:00:00
13602,BATTERY,False,4.0,2011,41.706396411,-87.53971556,0.016936524761044198,1,2011-12-02 20:50:00
13606,BATTERY,False,12.0,2011,41.878429487,-87.67657169799999,0.026471609579677022,1,2011-12-04 22:00:00
13625,THEFT,True,4.0,2011,41.742787091,-87.54786758,0.012425132568209199,1,2011-12-13 14:15:00
13627,ASSAULT,False,18.0,2011,41.894017921,-87.632205157,0.005618210832825794,1,2011-12-14 11:20:00
13632,THEFT,False,12.0,2011,41.900768799999994,-87.682080486,0.028143599293170014,1,2011-12-02 07:00:00
13659,ASSAULT,False,16.0,2011,41.948034278,-87.8071017,0.043071567846902886,1,2011-12-20 12:50:00
13660,BATTERY,False,24.0,2011,42.003498154,-87.67339223,0.002228663421284134,1,2011-12-20 12:30:00
13670,BATTERY,False,6.0,2011,41.749822122,-87.66948485700001,0.0439812652105893,1,2011-12-21 12:15:00
13675,THEFT,False,14.0,2011,41.91713541,-87.68791410200001,0.026544362934916205,1,2011-12-22 19:00:00
13676,ASSAULT,True,15.0,2011,41.891958845,-87.76345215,0.008235339864116382,1,2011-12-23 00:05:00
13677,BATTERY,False,4.0,2011,41.725800408000005,-87.598136921,0.011952580753330562,1,2011-12-23 19:17:00
13698,BATTERY,False,7.0,2011,41.76831036,-87.649345507,0.020106287759768998,1,2011-12-31 01:53:00
13700,THEFT,False,2.0,2011,41.816546363,-87.622625054,0.029966100702439335,1,2011-12-31 15:45:00
13703,BATTERY,False,19.0,2011,41.925888666999995,-87.640675614,0.03156850123257756,1,2011-12-18 05:30:00
13704,THEFT,False,24.0,2011,42.001382198,-87.664352579,0.033067925924435256,1,2011-12-22 09:00:00
13882,THEFT,False,16.0,2011,41.976290414,-87.905227221,0.026493610821759793,1,2011-11-14 00:01:00
13961,ASSAULT,False,12.0,2011,41.877446026,-87.657010335,0.020466044076301166,1,2011-08-13 03:00:00
1160023,BATTERY,False,18.0,2011,41.902675191,-87.641576755,0.0073758606928881415,1,2011-01-01 00:15:00
1160026,THEFT,False,22.0,2011,41.677507979,-87.663130735,0.029058647362342066,1,2011-01-02 19:00:00
1160027,ROBBERY,True,1.0,2011,41.877661886,-87.62766551600001,0.011101474670404557,1,2011-01-03 13:50:00
1160052,BATTERY,False,10.0,2011,41.85146419,-87.730575733,0.012045699433500395,1,2011-01-05 13:30:00
1160080,THEFT,False,10.0,2011,41.84921736,-87.69170237,0.025248252353556527,1,2011-01-08 23:00:00
1160130,BATTERY,True,8.0,2011,41.792323043,-87.78094378700001,0.02201652402556358,1,2011-01-07 15:35:00
1160133,ASSAULT,False,7.0,2011,41.789870979,-87.658408367,0.011295899053982312,1,2011-01-12 20:00:00
1160147,THEFT,False,25.0,2011,41.931765745999996,-87.76380724,0.035744176111067325,1,2011-01-15 19:00:00
1160186,BATTERY,True,22.0,2011,41.691506552,-87.70484926299999,0.026180116986008074,1,2011-01-23 10:35:00
1160196,NARCOTICS,True,7.0,2011,41.76230003,-87.65577608,0.026037749398263015,1,2011-01-12 17:04:05
1160204,THEFT,False,6.0,2011,41.740680499999996,-87.65347148299999,0.029194342106335116,1,2011-01-25 21:00:00
1160238,BATTERY,False,19.0,2011,41.965911528,-87.65886264,0.011922191777521856,1,2011-01-31 17:30:00
1160240,THEFT,False,17.0,2011,41.969738422,-87.742810374,0.017307142499809948,1,2011-01-04 14:00:00
1160299,BATTERY,True,3.0,2011,41.761086784,-87.56133429,0.06749170585944149,1,2011-02-13 02:10:00
1160304,THEFT,False,8.0,2011,41.78281214,-87.77656691,0.01588261719891831,1,2011-02-12 16:00:00
1160306,NARCOTICS,True,9.0,2011,41.79945985,-87.66882243,0.013080179856374363,1,2011-02-14 20:37:00
1160311,THEFT,True,11.0,2011,41.901408604000004,-87.722605332,0.019369978457020855,1,2011-02-17 09:30:00
1160321,ASSAULT,False,25.0,2011,41.936851026,-87.77615896,0.00752839850418763,1,2011-02-22 15:20:00
1160337,BATTERY,False,9.0,2011,41.82033326,-87.701980603,0.013279481217437043,1,2011-02-20 19:45:00
1160342,ASSAULT,False,22.0,2011,41.711168457,-87.66570018600001,0.013080179856374363,1,2011-02-17 05:30:00
1160349,BATTERY,False,4.0,2011,41.726122376,-87.575047128,0.03215339506395591,1,2011-03-03 19:15:00
1160355,THEFT,False,3.0,2011,41.763442831,-87.56646696,0.025044698442336765,1,2011-03-02 17:30:00
1160361,ASSAULT,False,24.0,2011,42.004694436,-87.672883168,0.024698762008637166,1,2011-03-04 20:00:00
1160366,BATTERY,False,8.0,2011,41.784449254,-87.80120721,0.02556245469172554,1,2011-03-08 16:10:00
1160374,BATTERY,False,8.0,2011,41.77695934,-87.68222741700001,0.026983816411639244,1,2011-03-10 14:45:00
1160378,ASSAULT,True,20.0,2011,41.969936675,-87.659695364,0.009509204912171066,1,2011-03-11 21:56:00
1160397,THEFT,False,14.0,2011,41.91293292,-87.697064224,0.011251285073350211,1,2011-03-11 21:00:00
1160403,BATTERY,False,11.0,2011,41.879613741,-87.709318061,0.026425615845963885,1,2011-03-17 19:45:00
1160404,THEFT,False,20.0,2011,41.989575829,-87.68963999299999,0.014963939491018105,1,2011-02-23 15:00:00
1160413,BATTERY,False,11.0,2011,41.87805699,-87.743978321,0.01377356296672015,1,2011-03-21 18:50:00
1160421,THEFT,False,16.0,2011,41.955596826,-87.76830462,0.03909116949765127,1,2011-03-19 00:05:00
1160448,ASSAULT,False,6.0,2011,41.748943754,-87.63518954700001,0.02304513946666362,1,2011-01-20 09:16:00
1160460,ASSAULT,False,12.0,2011,41.890992303000004,-87.70395534,0.02637111542161547,1,2011-03-31 17:40:00
1160463,NARCOTICS,True,10.0,2011,41.858941527,-87.71800983,0.01795821767958449,1,2011-04-01 10:27:00
1160465,ASSAULT,False,7.0,2011,41.776992168,-87.661711016,0.007767805176904229,1,2011-04-01 15:00:00
1160467,THEFT,False,2.0,2011,41.82467357,-87.626413225,0.009430600521522364,1,2011-04-02 20:00:00
1160471,ASSAULT,False,24.0,2011,42.019517794,-87.68819727,0.01958460048067227,1,2011-04-04 12:15:00
1160474,BATTERY,False,10.0,2011,41.844280497,-87.72241492,0.020798902013000276,1,2011-04-04 22:50:00
1160484,THEFT,False,8.0,2011,41.780595495,-87.68367553,0.015162999700981125,1,2011-04-07 15:10:00
1160490,THEFT,False,19.0,2011,41.927458441999995,-87.64159938200001,0.019484298553299577,1,2011-04-08 15:30:00
1160492,BATTERY,False,14.0,2011,41.931018087,-87.70617128,0.02911760528031422,1,2011-04-10 01:25:00
1160497,BATTERY,True,2.0,2011,41.831073057,-87.62017475100001,0.030038968194566928,1,2011-04-12 15:05:00
1160504,BATTERY,False,17.0,2011,41.93885221,-87.744933152,0.006172140576430123,1,2011-04-13 13:55:00
1160510,ASSAULT,True,5.0,2011,41.707095328,-87.628834415,0.021993427351554913,1,2011-04-15 18:48:00
1160511,BATTERY,False,8.0,2011,41.79054357,-87.780130326,0.024467603326424447,1,2011-04-15 14:45:00
1160512,THEFT,False,12.0,2011,41.890976027,-87.667492786,0.021415605355815267,1,2011-04-17 00:30:00
1160513,ASSAULT,True,5.0,2011,41.684009764,-87.64098427799999,0.014779646575246264,1,2011-04-17 17:30:00
1160522,THEFT,False,15.0,2011,41.88314073,-87.76660788,0.03135886994990901,1,2011-04-19 16:00:00
1160523,BATTERY,False,7.0,2011,41.779153403,-87.65449147,0.04801601445720792,1,2011-04-20 17:30:00
1160531,BATTERY,False,9.0,2011,41.850964569,-87.63284068700001,0.015442887034626441,1,2011-04-24 11:30:00
1160550,BATTERY,False,9.0,2011,41.796278388000005,-87.70225342200001,0.028596495850732342,1,2011-05-01 23:15:00
1160551,THEFT,False,8.0,2011,41.764189497,-87.715917635,0.02232590564516215,1,2011-05-01 19:00:00
1160561,THEFT,False,8.0,2011,41.778802358,-87.71377935,0.08044159045365733,1,2011-05-03 18:00:00
1160562,BATTERY,False,11.0,2011,41.8871929,-87.720959585,0.018679469355582963,1,2011-05-05 08:00:00
1160568,BATTERY,False,5.0,2011,41.70427851,-87.61975395,0.019846303604861584,1,2011-05-01 17:47:00
1160569,BATTERY,False,9.0,2011,41.841568676,-87.658118585,0.04580235579634481,1,2011-05-07 16:00:00
1160570,BATTERY,True,4.0,2011,41.720613536,-87.57739393799999,0.02098263137178031,1,2011-05-07 19:20:00
1160585,ASSAULT,False,12.0,2011,41.895197128,-87.648900523,0.042424694019192875,1,2011-05-11 17:30:00
1160587,BATTERY,False,4.0,2011,41.74556186,-87.546705124,0.00813889968947418,1,2011-05-13 11:00:00
1160589,THEFT,False,3.0,2011,41.791710871,-87.585063,0.02029360169262854,1,2011-05-11 23:45:00
1160607,BATTERY,True,4.0,2011,41.705523241,-87.53528780200001,0.020910469343226934,1,2011-05-17 21:03:00
1160616,THEFT,False,7.0,2011,41.76591285,-87.66020273299999,0.01939407342857832,1,2011-05-20 10:35:00
1160619,ASSAULT,False,7.0,2011,41.782322899,-87.66428794,0.02373291297190825,1,2011-05-21 16:15:00
1160620,THEFT,False,19.0,2011,41.927866871,-87.648849079,0.01554273073908058,1,2011-05-21 11:00:00
1160628,BATTERY,False,7.0,2011,41.779820203,-87.640233291,0.02606788206928761,1,2011-05-24 11:55:00
1160630,THEFT,False,12.0,2011,41.898898534000004,-87.661349765,0.015245522628425379,1,2011-05-23 11:05:00
1160639,THEFT,False,12.0,2011,41.868800024,-87.67707046,0.010001270215415916,1,2011-05-26 14:00:00
1160644,THEFT,False,14.0,2011,41.91058445,-87.67096288,0.01212420417985114,1,2011-05-27 11:00:00
1160646,BATTERY,False,7.0,2011,41.773036208,-87.67617424,0.011576859707975031,1,2011-06-02 10:45:00
1160655,THEFT,False,19.0,2011,41.96245015,-87.64255203,0.01294151555050719,1,2011-06-07 19:30:00
1160657,THEFT,False,10.0,2011,41.83029433,-87.727336291,0.012009803439912653,1,2011-06-08 01:33:00
1160658,BATTERY,False,9.0,2011,41.799438937,-87.672332426,0.01923976400788,1,2011-06-09 22:50:00
1160663,THEFT,False,1.0,2011,41.88477741,-87.637058225,0.01318828658232487,1,2011-06-10 13:45:00
1160671,ASSAULT,False,9.0,2011,41.835674792,-87.646221482,0.0311953332100982,1,2011-06-13 22:45:00
1160675,BURGLARY,False,11.0,2011,41.900059954,-87.72134357,0.013555666961067256,1,2011-06-13 17:30:00
1160676,BATTERY,False,22.0,2011,41.709663266999996,-87.65983398899999,0.01434615830885533,1,2011-06-11 09:00:00
1160680,BATTERY,False,25.0,2011,41.92436229,-87.73687555,0.03394398365298286,1,2011-06-15 13:15:00
1160681,ASSAULT,False,6.0,2011,41.749725521,-87.652507532,0.03228634824390114,1,2011-06-16 14:41:00
1160682,THEFT,False,1.0,2011,41.88030381,-87.636978269,0.004948802515925895,1,2011-06-15 18:30:00
1160686,ASSAULT,False,10.0,2011,41.85128593,-87.67462881799999,0.016671544933882305,1,2011-06-18 14:00:00
1160689,ASSAULT,False,3.0,2011,41.764166018000004,-87.59517725799999,0.019917109551465063,1,2011-06-19 13:05:00
1160692,ASSAULT,False,10.0,2011,41.849042121,-87.675760273,0.015020330572066849,1,2011-06-19 20:30:00
1160699,ASSAULT,False,2.0,2011,41.820325727,-87.61082885,0.0059226215256338935,1,2011-06-10 11:00:00
1160700,BATTERY,False,18.0,2011,41.908430535,-87.638509526,0.03174422118525183,1,2011-06-19 18:00:00
1160703,THEFT,False,8.0,2011,41.743013698,-87.73392158,0.018467245646906025,1,2011-06-23 08:30:00
1160704,NARCOTICS,True,7.0,2011,41.768634583,-87.65822778,0.019998066810384282,1,2011-06-23 20:42:00
1160713,ASSAULT,False,4.0,2011,41.749652167,-87.58679761799999,0.014285143971636572,1,2011-06-28 19:30:00
1160721,THEFT,True,17.0,2011,41.994758989,-87.7144777,0.007955287761282036,1,2011-06-29 12:10:00
1160722,ASSAULT,False,4.0,2011,41.744594965,-87.556251559,0.011133899334624364,1,2011-06-29 13:00:00
1160731,THEFT,False,16.0,2011,41.997335453000005,-87.762608606,0.022078915372654048,1,2011-07-01 16:55:00
1160736,THEFT,False,2.0,2011,41.81664984,-87.615873945,0.025502892488567713,1,2011-07-05 03:30:00
1160737,BATTERY,True,11.0,2011,41.88068763,-87.728982876,0.030785238449673583,1,2011-07-06 02:36:00
1160756,ASSAULT,False,8.0,2011,41.80779181,-87.703963414,0.003708362927270232,1,2011-07-07 15:00:00
1160758,THEFT,False,6.0,2011,41.748536319,-87.60146885,0.008684308209846208,1,2011-07-09 01:50:00
1160761,BATTERY,True,12.0,2011,41.868886815,-87.65795968200001,0.02132552649977921,1,2011-07-11 22:36:00
1160767,THEFT,False,1.0,2011,41.873101883000004,-87.62915865,0.02589643804883204,1,2011-07-13 11:50:00
1160771,BATTERY,False,10.0,2011,41.866303171,-87.71421287,0.021258008972010696,1,2011-07-12 12:00:00
1160772,THEFT,False,18.0,2011,41.91705863,-87.65090457,0.01751498186970919,1,2011-07-14 22:00:00
1160774,THEFT,False,2.0,2011,41.828725301999995,-87.62571554,0.020031343521114478,1,2011-07-13 08:30:00
1160779,ASSAULT,False,19.0,2011,41.964931277,-87.684475643,0.023663858498827295,1,2011-07-18 14:24:00
1160789,BATTERY,True,15.0,2011,41.88028689,-87.761661062,0.01656556774749347,1,2011-07-21 17:10:00
1160790,ASSAULT,False,11.0,2011,41.871058927,-87.69663887600001,0.010270480583012505,1,2011-07-22 23:30:00
1160798,BATTERY,False,17.0,2011,41.97012549,-87.722383285,0.023029083679583173,1,2011-07-26 15:10:00
1160804,ASSAULT,True,7.0,2011,41.766609758,-87.674857891,0.020712932380532505,1,2011-07-28 22:20:00
1160807,THEFT,False,10.0,2011,41.863357461999996,-87.73365426,0.009634493424959428,1,2011-07-27 00:01:00
1160809,THEFT,False,7.0,2011,41.779675318,-87.64994702,0.01967434518156868,1,2011-07-30 16:00:00
1160821,THEFT,False,1.0,2011,41.877633028000005,-87.63371352899999,0.03272839607202047,1,2011-07-30 22:08:00
1160822,BATTERY,False,17.0,2011,41.972027151,-87.7126495,0.03195535511361865,1,2011-08-04 04:30:00
1160830,ASSAULT,True,2.0,2011,41.78924943,-87.621804576,0.03463947289518946,1,2011-08-06 11:49:00
1160831,BATTERY,False,7.0,2011,41.781270625,-87.665967112,0.02720612432074572,1,2011-08-06 18:00:00
1160832,THEFT,True,4.0,2011,41.757489719,-87.55614733,0.0071090601152222505,1,2011-08-06 22:35:00
1160838,THEFT,True,9.0,2011,41.80803458,-87.63260798399999,0.04863066327199496,1,2011-08-08 07:30:00
1160839,BATTERY,False,25.0,2011,41.90616447,-87.734084055,0.006537475273209281,1,2011-08-09 15:00:00
1160841,BATTERY,False,7.0,2011,41.76948433,-87.65666091700001,0.02653662589693414,1,2011-08-09 21:30:00
1160849,ASSAULT,True,12.0,2011,41.879056794,-87.64727716,0.02130312202600301,1,2011-08-12 01:10:00
1160851,BATTERY,False,3.0,2011,41.766247876,-87.575623169,0.0028315012611764786,1,2011-08-12 20:00:00
1160854,THEFT,False,19.0,2011,41.96245015,-87.64255203,0.027401130061052624,1,2011-08-12 09:00:00
1160863,ASSAULT,False,8.0,2011,41.764493905,-87.695780161,0.03136826749564175,1,2011-08-15 18:00:00
1160864,THEFT,False,1.0,2011,41.879667054,-87.63696315,0.005543998292725992,1,2011-08-15 17:00:00
1160869,THEFT,False,19.0,2011,41.936470471,-87.66854502,0.020494105882163934,1,2011-08-18 18:30:00
1160877,BATTERY,False,3.0,2011,41.765162688000004,-87.624896894,0.009946091944006303,1,2011-08-23 01:25:00
1160878,THEFT,False,22.0,2011,41.69228342,-87.64822565600001,0.0040099740209242896,1,2011-08-21 17:15:00
1160880,BATTERY,False,12.0,2011,41.89039523,-87.647607586,0.022116565936046016,1,2011-08-21 04:30:00
1160884,ASSAULT,False,4.0,2011,41.751317166999996,-87.56380045600001,0.03622016428466028,1,2011-08-27 19:40:00
1160888,THEFT,False,4.0,2011,41.707756212,-87.580708771,0.03785204169743776,1,2011-08-18 12:00:00
1160895,BATTERY,True,22.0,2011,41.734881215,-87.667909418,0.030405259427108793,1,2011-09-04 02:45:00
1160896,ARSON,False,8.0,2011,41.80234067,-87.72673419,0.013725042529441466,1,2011-09-04 01:00:00
1160897,ROBBERY,False,6.0,2011,41.75395833,-87.66626111299999,0.022471539752173576,1,2011-09-05 00:56:00
1160902,THEFT,False,8.0,2011,41.76838123,-87.678945374,0.0353976198644097,1,2011-09-06 15:00:00
1160908,ASSAULT,False,15.0,2011,41.887983008,-87.77361270700001,0.030902419635840714,1,2011-09-09 18:00:00
1160914,BATTERY,False,10.0,2011,41.852472938000005,-87.73297779100001,0.015012066396866188,1,2011-09-14 15:40:00
1160919,THEFT,False,4.0,2011,41.751610161,-87.57567807,0.0064368796747663005,1,2011-09-14 14:30:00
1160921,THEFT,False,9.0,2011,41.82431282,-87.710592783,0.01437558048115968,1,2011-09-03 09:15:00
1160929,ASSAULT,False,6.0,2011,41.743445021999996,-87.60137277,0.012283749573864283,1,2011-09-21 06:15:00
1160931,BATTERY,True,6.0,2011,41.756057234000004,-87.65492915799999,0.01484877871535143,1,2011-09-21 22:15:00
1160936,THEFT,False,19.0,2011,41.933270602,-87.63930945,0.016324313073455502,1,2011-07-31 00:01:00
1160937,ASSAULT,True,1.0,2011,41.879297705,-87.62770627100001,0.02566165392657344,1,2011-09-23 09:45:00
1160939,BATTERY,False,18.0,2011,41.896888585999996,-87.628203192,0.01846341111854891,1,2011-09-23 21:35:00
1160953,THEFT,False,19.0,2011,41.933796108,-87.64454821700001,0.015084317250708131,1,2011-09-30 13:00:00
1160958,BATTERY,False,11.0,2011,41.88024803,-87.745269129,0.023000349953765983,1,2011-09-25 08:45:00
1160959,THEFT,False,7.0,2011,41.766213682,-87.64566187,0.0312033853741382,1,2011-10-03 05:00:00
1160962,THEFT,False,20.0,2011,41.98912978,-87.69084363,0.009733810036023435,1,2011-10-04 01:00:00
1160966,BATTERY,True,3.0,2011,41.758626266,-87.601335891,0.014316038237397558,1,2011-10-05 01:45:00
1160968,THEFT,False,22.0,2011,41.70312164,-87.658107878,0.013096171794259603,1,2011-10-04 21:00:00
1160969,BATTERY,True,18.0,2011,41.891694584,-87.626108089,0.017932355253072973,1,2011-10-05 20:07:00
1160974,BATTERY,False,19.0,2011,41.943867792,-87.653827678,0.023751532970559014,1,2011-10-06 19:52:00
1160978,BATTERY,True,19.0,2011,41.946217055,-87.65572154200001,0.018365994252995996,1,2011-10-09 01:00:00
1160983,BATTERY,False,3.0,2011,41.76587359,-87.576294705,0.007998076560243214,1,2011-10-07 13:30:00
1160984,BATTERY,False,4.0,2011,41.753567661999995,-87.564645811,0.0066509078369760034,1,2011-10-10 22:30:00
1160987,BATTERY,False,22.0,2011,41.685042484,-87.645238242,0.02523196151431524,1,2011-10-13 22:00:00
1160988,THEFT,False,10.0,2011,41.84552887,-87.705069084,0.019274712171291338,1,2011-10-02 14:00:00
1160991,ASSAULT,False,12.0,2011,41.900208545,-87.69569554899999,0.01984966340948331,1,2011-10-14 16:47:00
1160993,THEFT,False,11.0,2011,41.880751096,-87.723855981,0.006548576034003994,1,2011-10-12 12:00:00
1160994,THEFT,False,24.0,2011,41.991951349000004,-87.675913592,0.0017088789574312296,1,2011-10-16 19:30:00
1160996,BATTERY,False,10.0,2011,41.852162259,-87.67670466700001,0.014175075403288866,1,2011-08-01 14:00:00
1161001,BATTERY,False,24.0,2011,42.002478396,-87.66929687,0.02308017669235592,1,2011-10-20 15:00:00
1161002,BATTERY,False,12.0,2011,41.892895925,-87.64588766799999,0.01183702491498668,1,2011-10-21 06:30:00
1161005,BATTERY,True,15.0,2011,41.897086965999996,-87.74585295799999,0.021965735760144708,1,2011-10-21 11:33:00
1161006,THEFT,False,10.0,2011,41.856113593,-87.7065953,0.038478523226600246,1,2011-10-21 10:00:00
1161007,BATTERY,False,14.0,2011,41.903300131,-87.67029247,0.02617255597867171,1,2011-10-22 12:30:00
1161008,NARCOTICS,True,15.0,2011,41.893498663,-87.76351192,0.015001852557396852,1,2011-10-22 21:03:00
1161010,THEFT,False,19.0,2011,41.926535391,-87.658494835,0.001162102592959463,1,2011-10-14 19:00:00
1161012,BATTERY,False,9.0,2011,41.852868298000004,-87.63091491,0.01968049942618897,1,2011-10-23 03:02:00
1161014,THEFT,False,25.0,2011,41.93369861,-87.72029073899999,0.015054379872373456,1,2011-10-25 18:00:00
1161017,ASSAULT,True,9.0,2011,41.801358629,-87.66169868899999,0.009810902310052569,1,2011-10-27 00:50:00
1161026,BATTERY,True,5.0,2011,41.698889033,-87.62915834100001,0.004528403760699321,1,2011-11-01 00:12:00
1161037,ROBBERY,True,4.0,2011,41.73723014,-87.56331280799999,0.008431504953235767,1,2011-11-04 07:45:00
1161043,THEFT,False,3.0,2011,41.769881308,-87.56899299,0.02205874624764136,1,2011-11-08 09:30:00
1161047,THEFT,False,15.0,2011,41.89117267,-87.75823284100001,0.02501846451002205,1,2011-11-07 09:00:00
1161048,THEFT,False,5.0,2011,41.717620456999995,-87.59827045,0.01851841709080548,1,2011-11-09 03:00:00
1161056,ASSAULT,False,22.0,2011,41.730373563,-87.63981256,0.015656598811946816,1,2011-11-15 02:30:00
1161061,BATTERY,False,12.0,2011,41.885393253000004,-87.663547848,0.028134713948347632,1,2011-11-05 04:30:00
1161063,ASSAULT,False,7.0,2011,41.76287055,-87.64556561399999,0.13909571639512008,1,2011-11-16 20:42:00
1161065,THEFT,False,2.0,2011,41.814733927,-87.622428659,0.01726523784363638,1,2011-11-18 08:00:00
1161066,THEFT,False,12.0,2011,41.89010736,-87.703218475,0.005650781502346032,1,2011-11-17 19:15:00
1161067,BATTERY,False,10.0,2011,41.863582538,-87.73366317,0.016168030544296517,1,2011-11-19 10:25:00
1161073,THEFT,False,6.0,2011,41.74317925,-87.600148257,0.010557085541417535,1,2011-11-21 18:20:00
1161076,THEFT,True,8.0,2011,41.80169033,-87.703792065,0.010124291041849628,1,2011-11-22 10:40:00
1161080,THEFT,False,5.0,2011,41.647924938,-87.61645385799999,0.010296082532043515,1,2011-11-21 22:00:00
1161081,BATTERY,False,19.0,2011,41.947501366,-87.66887154,0.016492290601505526,1,2011-11-24 03:00:00
1161083,ARSON,False,4.0,2011,41.649491211,-87.53989848,0.018625532572860676,1,2011-11-26 03:15:00
1161090,THEFT,False,7.0,2011,41.786578440999996,-87.677946336,0.014490378504461722,1,2011-08-01 00:00:00
1161097,BATTERY,False,4.0,2011,41.706396411,-87.53971556,0.0057690147621537145,1,2011-12-02 20:50:00
1161101,BATTERY,False,12.0,2011,41.878429487,-87.67657169799999,0.021137163444805113,1,2011-12-04 22:00:00
1161120,THEFT,True,4.0,2011,41.742787091,-87.54786758,0.009722805905671312,1,2011-12-13 14:15:00
1161122,ASSAULT,False,18.0,2011,41.894017921,-87.632205157,0.003241939445364886,1,2011-12-14 11:20:00
1161127,THEFT,False,12.0,2011,41.900768799999994,-87.682080486,0.014970192232432525,1,2011-12-02 07:00:00
1161154,ASSAULT,False,16.0,2011,41.948034278,-87.8071017,0.004285296636755606,1,2011-12-20 12:50:00
1161155,BATTERY,False,24.0,2011,42.003498154,-87.67339223,0.011516819671758946,1,2011-12-20 12:30:00
1161165,BATTERY,False,6.0,2011,41.749822122,-87.66948485700001,0.01566048542574913,1,2011-12-21 12:15:00
1161170,THEFT,False,14.0,2011,41.91713541,-87.68791410200001,0.021506761784013367,1,2011-12-22 19:00:00
1161171,ASSAULT,True,15.0,2011,41.891958845,-87.76345215,0.03609700573269815,1,2011-12-23 00:05:00
1161172,BATTERY,False,4.0,2011,41.725800408000005,-87.598136921,0.027849623596477316,1,2011-12-23 19:17:00
1161193,BATTERY,False,7.0,2011,41.76831036,-87.649345507,0.019686045408739493,1,2011-12-31 01:53:00
1161195,THEFT,False,2.0,2011,41.816546363,-87.622625054,0.022563895883122898,1,2011-12-31 15:45:00
1161198,BATTERY,False,19.0,2011,41.925888666999995,-87.640675614,0.008261160590268015,1,2011-12-18 05:30:00
1161199,THEFT,False,24.0,2011,42.001382198,-87.664352579,0.020225926175620332,1,2011-12-22 09:00:00
1161377,THEFT,False,16.0,2011,41.976290414,-87.905227221,0.0049877733678662575,1,2011-11-14 00:01:00
1161456,ASSAULT,False,12.0,2011,41.877446026,-87.657010335,0.02589999571242299,1,2011-08-13 03:00:00
2328110,ASSAULT,False,1.0,2011,41.883376682,-87.627874384,0.027076472966634565,1,2011-01-01 01:30:00
2328252,CRIMINAL DAMAGE,False,8.0,2011,41.78205887,-87.702007889,0.04790762348545996,1,2011-01-01 00:30:00
2328253,CRIMINAL DAMAGE,False,8.0,2011,41.800232891,-87.70375131700001,0.03553821161447314,1,2011-01-01 00:25:00
2328254,BATTERY,True,19.0,2011,41.943094852,-87.649362556,0.019126483614771372,1,2011-01-01 00:20:00
2328256,CRIMINAL DAMAGE,False,8.0,2011,41.767521154,-87.689434248,0.020809100276689075,1,2011-01-01 00:23:00
2328265,BATTERY,True,19.0,2011,41.939515748000005,-87.649253785,0.010319905964388226,1,2011-01-01 00:25:00
2328271,CRIMINAL TRESPASS,True,19.0,2011,41.948190326,-87.654358906,0.028874262565486607,1,2011-01-01 01:05:00
2328272,THEFT,True,16.0,2011,41.954871668,-87.77715641399999,0.005891961412669401,1,2011-01-01 00:05:00
2328283,BATTERY,True,18.0,2011,41.909800222,-87.651841553,0.021457170747142824,1,2011-01-01 00:15:00
2328284,MOTOR VEHICLE THEFT,False,3.0,2011,41.783311684000005,-87.609645926,0.020466487166016033,1,2011-01-01 00:47:00
2328285,NARCOTICS,True,9.0,2011,41.798889417,-87.66227825799999,0.02391968740118993,1,2011-01-01 00:45:00
2328286,THEFT,False,18.0,2011,41.903927445,-87.629529005,0.015542021905481184,1,2011-01-01 00:30:00
2328287,NARCOTICS,True,12.0,2011,41.897592188000004,-87.685205507,0.0290241409885535,1,2011-01-01 00:30:00
2328290,WEAPONS VIOLATION,False,4.0,2011,41.752884365,-87.55405897,0.048091161934975014,1,2011-01-01 00:04:00
2328291,BATTERY,True,19.0,2011,41.942720126,-87.65419273,0.034609671271731215,1,2011-01-01 00:35:00
2328293,WEAPONS VIOLATION,True,25.0,2011,41.911478112,-87.78018215799999,0.011318220184182028,1,2011-01-01 00:15:00
2328294,WEAPONS VIOLATION,True,15.0,2011,41.893132123,-87.74900377200001,0.050756447221402434,1,2011-01-01 00:01:00
2328295,BATTERY,True,18.0,2011,41.900017769,-87.623426629,0.021086450795154053,1,2011-01-01 00:45:00
2328297,WEAPONS VIOLATION,True,9.0,2011,41.795541395,-87.65248493200001,0.011513711268524214,1,2011-01-01 00:18:00
2328300,CRIMINAL TRESPASS,True,24.0,2011,42.003492628000004,-87.6643783,0.02095018435370969,1,2011-01-01 00:55:00
2328302,BATTERY,True,5.0,2011,41.695247013,-87.62911019200001,0.02514607370546949,1,2011-01-01 01:10:00
2328303,WEAPONS VIOLATION,True,6.0,2011,41.756075079,-87.604084316,0.00566037892865881,1,2011-01-01 00:28:00
2328304,BATTERY,False,2.0,2011,41.79470796,-87.62182855100001,0.009907153350375479,1,2011-01-01 01:50:00
2328305,WEAPONS VIOLATION,True,22.0,2011,41.730812113,-87.640177864,0.03358704838637556,1,2011-01-01 00:48:00
2328307,ASSAULT,True,8.0,2011,41.776780251999995,-87.69333412299999,0.020302690637654615,1,2011-01-01 00:50:00
2328308,WEAPONS VIOLATION,True,11.0,2011,41.87613646,-87.72875403799999,0.02156555734915602,1,2011-01-01 00:40:00
2328310,BATTERY,True,22.0,2011,41.709620136,-87.650202406,0.021716700530722412,1,2011-01-01 00:10:00
2328312,NARCOTICS,True,24.0,2011,41.994546335,-87.68977752100001,0.008923400090580859,1,2011-01-01 01:52:00
2328314,CRIMINAL TRESPASS,True,9.0,2011,41.801533125,-87.648951958,0.010957780752929733,1,2011-01-01 01:35:00
2328315,ASSAULT,True,11.0,2011,41.878829325,-87.728897569,0.008969432797220839,1,2011-01-01 00:12:00
2328316,WEAPONS VIOLATION,True,15.0,2011,41.897734608,-87.746926916,0.013532897970324514,1,2011-01-01 00:29:00
2328317,NARCOTICS,True,11.0,2011,41.898719615,-87.744747065,0.009395225435756398,1,2011-01-01 02:15:00
2328318,NARCOTICS,True,4.0,2011,41.727366053000004,-87.573046956,0.013325342756069404,1,2011-01-01 02:25:00
2328319,BATTERY,False,3.0,2011,41.768385479,-87.61533059700001,0.029346821959601553,1,2011-01-01 01:45:00
2328320,WEAPONS VIOLATION,True,5.0,2011,41.664559915,-87.63181624399999,0.02331264950829115,1,2011-01-01 00:45:00
2328321,BATTERY,True,12.0,2011,41.903275655,-87.671758418,0.04560284068068615,1,2011-01-01 02:00:00
2328322,BATTERY,False,8.0,2011,41.787429902,-87.686305297,0.011416866837733637,1,2011-01-01 02:00:00
2328325,NARCOTICS,True,10.0,2011,41.850706229000004,-87.69541662799999,0.018887362066502676,1,2011-01-01 01:50:00
2328326,CRIMINAL DAMAGE,True,19.0,2011,41.947317986,-87.64978793600001,0.02717844897802404,1,2011-01-01 01:07:00
2328331,CRIMINAL DAMAGE,False,10.0,2011,41.845653546,-87.706290015,0.031065562912353375,1,2011-01-01 00:10:00
2328333,ROBBERY,False,7.0,2011,41.762929162,-87.644355406,0.02422997661822569,1,2011-01-01 01:00:00
2328335,BATTERY,False,19.0,2011,41.94225191,-87.642865659,0.030933784136308467,1,2011-01-01 01:25:00
2328336,BATTERY,True,25.0,2011,41.939117466999996,-87.725266895,0.014662605512334928,1,2011-01-01 02:18:00
2328339,BATTERY,False,3.0,2011,41.776126078000004,-87.596099645,0.025006797830740876,1,2011-01-01 00:02:00
2328340,ASSAULT,True,3.0,2011,41.763968536,-87.590934926,0.005241516470406012,1,2011-01-01 02:00:00
2328341,LIQUOR LAW VIOLATION,True,24.0,2011,41.998180999,-87.661281141,0.028684680672820293,1,2011-01-01 02:40:00
2328342,WEAPONS VIOLATION,True,11.0,2011,41.895951677,-87.72856718700001,0.04034040831949743,1,2011-01-01 00:45:00
2328343,CRIMINAL DAMAGE,False,11.0,2011,41.877454917,-87.69450809,0.0027156831372433035,1,2011-01-01 02:00:00
2328346,BURGLARY,False,2.0,2011,41.788431089,-87.619063489,0.03160507122524774,1,2011-01-01 02:00:00
2328348,WEAPONS VIOLATION,True,3.0,2011,41.780381971,-87.60765868700001,0.012699620429000599,1,2011-01-01 00:56:00
2328350,NARCOTICS,True,25.0,2011,41.919600105,-87.75601922700001,0.013235560050465412,1,2011-01-01 02:10:00
2328351,WEAPONS VIOLATION,True,8.0,2011,41.77491953,-87.68841073799999,0.015522538418228364,1,2011-01-01 01:33:00
2328354,PUBLIC PEACE VIOLATION,True,19.0,2011,41.944852176,-87.654622226,0.015824111268766285,1,2011-01-01 02:15:00
2328355,CRIMINAL DAMAGE,False,12.0,2011,41.876452403,-87.65186916299999,0.0064834013598308975,1,2011-01-01 00:45:00
2328356,BATTERY,True,7.0,2011,41.791660348,-87.66452455,0.029695049310446222,1,2011-01-01 02:05:00
2328357,BATTERY,False,17.0,2011,41.968064500000004,-87.744421715,0.0064834013598308975,1,2011-01-01 01:30:00
2328358,CRIMINAL DAMAGE,False,14.0,2011,41.911790978,-87.677493635,0.01854268805815242,1,2011-01-01 01:45:00
2328359,BATTERY,True,8.0,2011,41.767501925,-87.689430775,0.013781290519836073,1,2011-01-01 00:25:00
2328360,CRIMINAL DAMAGE,False,12.0,2011,41.877788726,-87.647239316,0.030044421297868253,1,2011-01-01 03:00:00
2328361,BATTERY,True,2.0,2011,41.797635964,-87.620919662,0.01909635232823788,1,2011-01-01 02:30:00
2328362,OTHER OFFENSE,False,2.0,2011,41.816888765,-87.60025459399999,0.019208700784812235,1,2011-01-01 01:44:00
2328363,BATTERY,False,18.0,2011,41.896561044,-87.63658497799999,0.018960168302200327,1,2011-01-01 01:00:00
2328364,BATTERY,True,8.0,2011,41.773791399000004,-87.68398615299999,0.0114882808335678,1,2011-01-01 02:06:00
2328366,BATTERY,False,1.0,2011,41.872709056,-87.62418785700001,0.028803463357835027,1,2011-01-01 00:20:00
2328367,PUBLIC PEACE VIOLATION,True,12.0,2011,41.865192955,-87.65981215,0.03078174360200904,1,2011-01-01 02:19:00
2328369,WEAPONS VIOLATION,True,11.0,2011,41.870824378,-87.718564105,0.019028126314954007,1,2011-01-01 01:10:00
2328371,PUBLIC PEACE VIOLATION,True,19.0,2011,41.962144678,-87.666068447,0.020317988774369168,1,2011-01-01 02:23:00
2328372,CRIMINAL DAMAGE,True,4.0,2011,41.688225442,-87.53959844399999,0.010321843397762716,1,2011-01-01 02:42:00
2328373,NARCOTICS,True,1.0,2011,41.888165132,-87.62293721200001,0.026089844415496517,1,2011-01-01 02:15:00
2328374,WEAPONS VIOLATION,True,7.0,2011,41.780321685,-87.672715779,0.014226810152380222,1,2011-01-01 01:02:00
2328375,BATTERY,False,2.0,2011,41.795194643,-87.588638369,0.022421877935540683,1,2011-01-01 01:50:00
2328376,BATTERY,False,19.0,2011,41.933110866,-87.65948396200001,0.036504768731709054,1,2011-01-01 03:00:00
2328377,BATTERY,True,10.0,2011,41.854574801999995,-87.701221834,0.013103035616688628,1,2011-01-01 02:00:00
2328378,LIQUOR LAW VIOLATION,True,24.0,2011,41.998179332,-87.66146510200001,0.019356792533544494,1,2011-01-01 02:20:00
2328379,BATTERY,False,16.0,2011,41.940398406999996,-87.805591348,0.021054838851707648,1,2011-01-01 01:11:00
2328380,BATTERY,False,16.0,2011,41.974360754,-87.84398378,0.004601602416419177,1,2011-01-01 02:00:00
2328381,BATTERY,False,16.0,2011,41.951657689,-87.766949806,0.03232178187771012,1,2011-01-01 01:25:00
2328382,BATTERY,False,16.0,2011,41.94876185,-87.755248886,0.016560771878300812,1,2011-01-01 01:00:00
2328383,CRIMINAL DAMAGE,False,16.0,2011,41.970695908,-87.773433412,0.01206401795469024,1,2011-01-01 00:46:00
2328384,NARCOTICS,True,12.0,2011,41.877954447,-87.646499478,0.0272732127033005,1,2011-01-01 03:20:00
2328385,NARCOTICS,True,3.0,2011,41.7675148,-87.59103333600001,0.018362487714609466,1,2011-01-01 02:40:00
2328386,BATTERY,True,19.0,2011,41.955699775999996,-87.654576994,0.03482391735889537,1,2011-01-01 02:00:00
2328387,CRIMINAL DAMAGE,True,14.0,2011,41.921715143,-87.668606344,0.032108763248574666,1,2011-01-01 02:30:00
2328388,NARCOTICS,True,6.0,2011,41.757905405,-87.61145245600001,0.004977773658749058,1,2011-01-01 03:10:00
2328390,ASSAULT,False,14.0,2011,41.918708554,-87.69048496100001,0.013332446226239577,1,2011-01-01 02:55:00
2328392,BATTERY,False,7.0,2011,41.791660348,-87.66452455,0.022966452474761336,1,2011-01-01 00:30:00
2328393,BATTERY,False,7.0,2011,41.768727336,-87.652090375,0.014128978629906166,1,2011-01-01 01:45:00
2328394,ROBBERY,False,1.0,2011,41.882776628,-87.625350811,0.04321938742609099,1,2011-01-01 03:00:00
2328396,WEAPONS VIOLATION,True,5.0,2011,41.709914481999995,-87.622269941,0.020935988145701207,1,2011-01-01 00:18:00
2328397,BATTERY,True,7.0,2011,41.762318309,-87.65283259899999,0.009913368469796695,1,2011-01-01 03:05:00
2328399,WEAPONS VIOLATION,True,8.0,2011,41.774806938000005,-87.69084614299999,0.015637465569314887,1,2011-01-01 00:15:00
2328400,BATTERY,False,12.0,2011,41.885853179,-87.66429956299999,0.02526763144311096,1,2011-01-01 02:30:00
2328401,CRIMINAL DAMAGE,False,3.0,2011,41.785161229,-87.620603115,0.02891634195478133,1,2011-01-01 00:30:00
2328402,BATTERY,False,12.0,2011,41.896085375,-87.666473716,0.021322857712594703,1,2011-01-01 02:50:00
2328403,THEFT,False,18.0,2011,41.910906593,-87.649147871,0.021292621199638737,1,2011-01-01 03:30:00
2328404,LIQUOR LAW VIOLATION,True,18.0,2011,41.891004201,-87.63256498700001,0.03850170658141313,1,2011-01-01 01:36:00
2328405,BATTERY,True,3.0,2011,41.764774022,-87.623284683,0.007357742967077535,1,2011-01-01 01:05:00
2328406,BATTERY,True,18.0,2011,41.90915891,-87.65105851700001,0.025504442945116505,1,2011-01-01 03:20:00
2328408,BATTERY,False,3.0,2011,41.773238981999995,-87.59565613,0.01550733776500545,1,2011-01-01 00:02:00
2328410,BATTERY,False,1.0,2011,41.872709056,-87.62418785700001,0.017552232627692805,1,2011-01-01 03:00:00
2328411,BATTERY,False,12.0,2011,41.885386969,-87.663882101,0.018367912349395395,1,2011-01-01 02:10:00
